query,label
Explain how derivatives works in simple terms.,theory
How does opportunity cost actually work under the hood?,theory
I'm struggling to understand the difference between quicksort and REST APIs. Can you clarify?,theory
I'm getting a syntax error in my loop and don't know why.,debugging
Why does my matrix multiplication code output NaN values?,debugging
How do I choose between recursion and iteration for this algorithm?,debugging
What's the underlying concept of Bayes' theorem and why is it important?,theory
Why is my API request returning 401 unauthorized when the token is valid?,debugging
Explain the physical process of garbage collection in detail.,theory
How does the mechanism of asynchronous programming affect database indexing?,theory
Can you explain the mechanics behind derivatives?,theory
I can't get my SQL query to return the expected rows; what am I missing?,debugging
How do REST APIs and quicksort interact with each other?,theory
Why is my app crashing when I import the module?,debugging
What's the difference between a concept explanation and code debugging?.,debugging
